id,firstname,lastname,age
1,Alex,Brown,32
2,Jane,Smith,41
3,Jane,Doe,21
4,Laura,Williams,33
5,Laura,Doe,38
6,Chris,Brown,53
7,Sarah,Brown,46
8,Katie,Johnson,36
9,David,Miller,57
10,Jane,Johnson,24
11,Laura,Brown,29
12,Sarah,Jones,49
13,Laura,Davis,52
14,Michael,Smith,28
15,Sarah,Doe,55
16,Sarah,Brown,46
17,Katie,Jones,46
18,Chris,Williams,50
19,Chris,Doe,31
20,John,Rodriguez,20
21,Sarah,Jones,47
22,Alex,Miller,26
23,Laura,Jones,40
24,Alex,Williams,21
25,Sarah,Rodriguez,24
26,Alex,Brown,46
27,Laura,Miller,40
28,Katie,Jones,22
29,Michael,Brown,36
30,Chris,Williams,20
31,Alex,Doe,47
32,John,Smith,20
33,Katie,Miller,30
34,Emily,Davis,31
35,Sarah,Williams,33
36,Alex,Garcia,49
37,John,Brown,34
38,Laura,Doe,37
39,Sarah,Davis,26
40,Laura,Smith,41
41,Katie,Jones,47
42,Jane,Davis,50
43,Emily,Garcia,29
44,Emily,Williams,35
45,John,Williams,49
46,Jane,Garcia,56
47,Sarah,Garcia,36
48,Emily,Garcia,31
49,Alex,Williams,36
50,John,Williams,24
51,Michael,Jones,34
52,John,Doe,39
53,Laura,Garcia,26
54,Emily,Williams,34
55,Katie,Brown,26
56,Katie,Rodriguez,18
57,Chris,Jones,47
58,Katie,Miller,46
59,Chris,Miller,22
60,Sarah,Johnson,31
61,Michael,Jones,39
62,Chris,Davis,33
63,Jane,Williams,54
64,Emily,Williams,51
65,Jane,Johnson,43
66,Jane,Garcia,46
67,Chris,Smith,38
68,Laura,Smith,21
69,Laura,Williams,50
70,Sarah,Johnson,40
71,Sarah,Garcia,39
72,Jane,Garcia,38
73,Katie,Brown,34
74,David,Davis,59
75,Jane,Williams,43
76,David,Johnson,24
77,Chris,Jones,50
78,Jane,Rodriguez,46
79,David,Brown,26
80,David,Smith,53
81,David,Smith,27
82,Laura,Davis,54
83,Michael,Johnson,21
84,Katie,Miller,43
85,Jane,Davis,47
86,Katie,Miller,39
87,Laura,Johnson,55
88,Katie,Miller,46
89,David,Davis,21
90,Laura,Rodriguez,22
91,Alex,Garcia,44
92,David,Rodriguez,53
93,Chris,Jones,59
94,Jane,Smith,59
95,Jane,Brown,51
96,Sarah,Williams,22
97,Chris,Davis,24
98,David,Williams,40
99,Alex,Garcia,28
100,Chris,Jones,54
